{
  "name": "emi",
  "calibration": {
    "nose_x": 0.451701488518557,
    "nose_y": 0.5059100168430253,
    "nose_z": -0.5821555983151822,
    "left_eye_x": 0.48453594675127243,
    "left_eye_y": 0.46163080089929087,
    "left_eye_z": -0.5333805617117724,
    "right_eye_x": 0.41822375761752095,
    "right_eye_y": 0.45908329325006497,
    "right_eye_z": -0.5396751856172322,
    "left_ear_x": 0.5172384136559948,
    "left_ear_y": 0.48648113979409074,
    "left_ear_z": -0.2494383006301147,
    "right_ear_x": 0.3887472136920651,
    "right_ear_y": 0.4820229792042284,
    "right_ear_z": -0.26837795153753646,
    "left_shoulder_x": 0.6359464727490154,
    "left_shoulder_y": 0.7335801239045251,
    "left_shoulder_z": -0.08247647752726314,
    "right_shoulder_x": 0.2764653679945611,
    "right_shoulder_y": 0.7718991814859656,
    "right_shoulder_z": -0.1937583718473548
  },
  "created_at": "2026-03-22 13:57:35"
}