{
  "name": "hubert_nisko",
  "calibration": {
    "nose_x": 0.4106171686770552,
    "nose_y": 0.3842897521237196,
    "nose_z": -1.0577839249271457,
    "left_eye_x": 0.44476120300212146,
    "left_eye_y": 0.3363278482930135,
    "left_eye_z": -1.0057253554715948,
    "right_eye_x": 0.37757042050361633,
    "right_eye_y": 0.337920447527352,
    "right_eye_z": -1.0148390885126792,
    "left_ear_x": 0.4715676630957652,
    "left_ear_y": 0.36570331706839093,
    "left_ear_z": -0.6276552515514826,
    "right_ear_x": 0.3464802074230323,
    "right_ear_y": 0.365361806194661,
    "right_ear_z": -0.6569597731202336,
    "left_shoulder_x": 0.5913864616620339,
    "left_shoulder_y": 0.6612995014352313,
    "left_shoulder_z": -0.30204326293226014,
    "right_shoulder_x": 0.24165533861871494,
    "right_shoulder_y": 0.6518419233419127,
    "right_shoulder_z": -0.45100623066142453
  },
  "created_at": "2026-04-26 23:11:44"
}