{
  "name": "hubi2",
  "calibration": {
    "nose_x": 0.4321641478003288,
    "nose_y": 0.4522663446105256,
    "nose_z": -0.8588375899256492,
    "left_eye_x": 0.4711587003299168,
    "left_eye_y": 0.409147813612101,
    "left_eye_z": -0.80253759573917,
    "right_eye_x": 0.40216049734427006,
    "right_eye_y": 0.4125839605623362,
    "right_eye_z": -0.7993809824087181,
    "left_ear_x": 0.5051985784452788,
    "left_ear_y": 0.4404003796528797,
    "left_ear_z": -0.4547264904392009,
    "right_ear_x": 0.3892019348485129,
    "right_ear_y": 0.44287922187727324,
    "right_ear_z": -0.4295511671475002,
    "left_shoulder_x": 0.6374107733064768,
    "left_shoulder_y": 0.7247087529727391,
    "left_shoulder_z": -0.24623111437778084,
    "right_shoulder_x": 0.30181852895386363,
    "right_shoulder_y": 0.7228929570743016,
    "right_shoulder_z": -0.24562126489318148
  },
  "created_at": "2026-03-29 17:44:55"
}