{
  "name": "kizia",
  "calibration": {
    "nose_x": 0.46880701578715267,
    "nose_y": 0.5739435360712164,
    "nose_z": -1.0267978117746466,
    "left_eye_x": 0.4996195054229568,
    "left_eye_y": 0.5323292823398814,
    "left_eye_z": -0.9687371069894117,
    "right_eye_x": 0.43224120928960685,
    "right_eye_y": 0.5295950279516333,
    "right_eye_z": -0.971628676442539,
    "left_ear_x": 0.5290619546876234,
    "left_ear_y": 0.5673706443870769,
    "left_ear_z": -0.5815306025392869,
    "right_ear_x": 0.40015105946975593,
    "right_ear_y": 0.5656527140561272,
    "right_ear_z": -0.5902582135270623,
    "left_shoulder_x": 0.6447463780641556,
    "left_shoulder_y": 0.8396045951282277,
    "left_shoulder_z": -0.3087044656276703,
    "right_shoulder_x": 0.2924114364911528,
    "right_shoulder_y": 0.8429775413344888,
    "right_shoulder_z": -0.3367750315981753
  },
  "created_at": "2026-03-22 14:04:39"
}