{
  "name": "laptop_wyzej",
  "calibration": {
    "nose_x": 0.46745523624122143,
    "nose_y": 0.3609157772734761,
    "nose_z": -1.2512516025453806,
    "left_eye_x": 0.49687582114711404,
    "left_eye_y": 0.31223379308357835,
    "left_eye_z": -1.189459128305316,
    "right_eye_x": 0.4306554012000561,
    "right_eye_y": 0.3171501262113452,
    "right_eye_z": -1.1965451911091805,
    "left_ear_x": 0.5234049679711461,
    "left_ear_y": 0.33434851095080376,
    "left_ear_z": -0.7591160265728831,
    "right_ear_x": 0.40039893658831716,
    "right_ear_y": 0.34350320417433977,
    "right_ear_z": -0.7828248329460621,
    "left_shoulder_x": 0.6468857917934656,
    "left_shoulder_y": 0.5898841936141253,
    "left_shoulder_z": -0.44545357348397374,
    "right_shoulder_x": 0.292496120557189,
    "right_shoulder_y": 0.6063753003254533,
    "right_shoulder_z": -0.4749140487983823
  },
  "created_at": "2026-04-08 20:28:27"
}