{
  "name": "laptop_nisko_90",
  "calibration": {
    "nose_x": 0.43887713872469386,
    "nose_y": 0.33586304692121655,
    "nose_z": -1.0470475692015428,
    "left_eye_x": 0.47967648139366736,
    "left_eye_y": 0.2903438109617967,
    "left_eye_z": -0.9998893545224117,
    "right_eye_x": 0.39807559160085826,
    "right_eye_y": 0.29158470768194933,
    "right_eye_z": -1.0012123768146222,
    "left_ear_x": 0.5144476221157954,
    "left_ear_y": 0.32379668951034546,
    "left_ear_z": -0.6463763365378746,
    "right_ear_x": 0.37300558365308323,
    "right_ear_y": 0.3267695963382721,
    "right_ear_z": -0.6402606253440564,
    "left_shoulder_x": 0.6520356343342708,
    "left_shoulder_y": 0.6434140260402973,
    "left_shoulder_z": -0.3884697226377634,
    "right_shoulder_x": 0.2391098331946593,
    "right_shoulder_y": 0.6328871369361877,
    "right_shoulder_z": -0.4426533607336191
  },
  "created_at": "2026-04-23 20:34:27"
}