{
  "name": "laptop_nizej",
  "calibration": {
    "nose_x": 0.4259078974907215,
    "nose_y": 0.3375602126121521,
    "nose_z": -0.8427990785011878,
    "left_eye_x": 0.47077355338976934,
    "left_eye_y": 0.29358184062517606,
    "left_eye_z": -0.7924138628519498,
    "right_eye_x": 0.3945303916931152,
    "right_eye_y": 0.2956944328088027,
    "right_eye_z": -0.7817026853561402,
    "left_ear_x": 0.5093559255966773,
    "left_ear_y": 0.337171457364009,
    "left_ear_z": -0.45766235498281627,
    "right_ear_x": 0.37423027203633236,
    "right_ear_y": 0.33748460916372447,
    "right_ear_z": -0.39897891879081726,
    "left_shoulder_x": 0.6527177929878235,
    "left_shoulder_y": 0.6512656872089092,
    "left_shoulder_z": -0.24911846610215993,
    "right_shoulder_x": 0.24399034059964694,
    "right_shoulder_y": 0.642943849013402,
    "right_shoulder_z": -0.18727484322511234
  },
  "created_at": "2026-04-11 23:23:37"
}