{
  "name": "nizej",
  "calibration": {
    "nose_x": 0.45031670715127675,
    "nose_y": 0.39643624552658624,
    "nose_z": -1.2235067776271276,
    "left_eye_x": 0.48768496939114164,
    "left_eye_y": 0.351627973147801,
    "left_eye_z": -1.173307807104928,
    "right_eye_x": 0.4131206052643912,
    "right_eye_y": 0.351578061069761,
    "right_eye_z": -1.1785162670271738,
    "left_ear_x": 0.5184976739542825,
    "left_ear_y": 0.3817147829702922,
    "left_ear_z": -0.7791389073644366,
    "right_ear_x": 0.38475197894232616,
    "right_ear_y": 0.3833614430257252,
    "right_ear_z": -0.7958989935261863,
    "left_shoulder_x": 0.6518966138362885,
    "left_shoulder_y": 0.6629219446863447,
    "left_shoulder_z": -0.4614255607128143,
    "right_shoulder_x": 0.256324857047626,
    "right_shoulder_y": 0.6812678669180189,
    "right_shoulder_z": -0.5354398914745876
  },
  "created_at": "2026-04-22 22:21:48"
}