{
  "name": "panda",
  "calibration": {
    "nose_x": 0.38295801320383627,
    "nose_y": 0.6351853493721255,
    "nose_z": -1.9182658887678576,
    "left_eye_x": 0.43615731693083243,
    "left_eye_y": 0.54527340204485,
    "left_eye_z": -1.8720787455958705,
    "right_eye_x": 0.31602319594352474,
    "right_eye_y": 0.5540608648330935,
    "right_eye_z": -1.8780353223123858,
    "left_ear_x": 0.48568252690376773,
    "left_ear_y": 0.5543493551592673,
    "left_ear_z": -1.2987717313151206,
    "right_ear_x": 0.25534812000490004,
    "right_ear_y": 0.5671007364026962,
    "right_ear_z": -1.3093674298255675,
    "left_shoulder_x": 0.6684989929199219,
    "left_shoulder_y": 0.8846664005710233,
    "left_shoulder_z": -0.8119774422337932,
    "right_shoulder_x": 0.11421846021567622,
    "right_shoulder_y": 0.8878195131978681,
    "right_shoulder_z": -0.8499974954512811
  },
  "created_at": "2026-05-24 14:40:10",
  "avatar_type": "panda"
}