{
  "name": "pies",
  "calibration": {
    "nose_x": 0.4706540033221245,
    "nose_y": 0.4916000574827194,
    "nose_z": -1.037299680709839,
    "left_eye_x": 0.5165884956717491,
    "left_eye_y": 0.45050987899303435,
    "left_eye_z": -0.9679207846522331,
    "right_eye_x": 0.42930320650339127,
    "right_eye_y": 0.45203776434063914,
    "right_eye_z": -0.9808217450976372,
    "left_ear_x": 0.5541471123695374,
    "left_ear_y": 0.4885099455714226,
    "left_ear_z": -0.5505121961236,
    "right_ear_x": 0.4035885661840439,
    "right_ear_y": 0.48962527588009835,
    "right_ear_z": -0.5970065325498581,
    "left_shoulder_x": 0.7016835704445838,
    "left_shoulder_y": 0.8361929446458817,
    "left_shoulder_z": -0.25543946102261544,
    "right_shoulder_x": 0.25514780431985856,
    "right_shoulder_y": 0.8368952348828316,
    "right_shoulder_z": -0.43221872448921206
  },
  "created_at": "2026-05-24 14:32:14",
  "avatar_type": "dog"
}