{
  "name": "profesor",
  "calibration": {
    "nose_x": 0.5403681844472885,
    "nose_y": 0.4688728764653206,
    "nose_z": -0.8988126963376999,
    "left_eye_x": 0.5748065203428269,
    "left_eye_y": 0.39989585876464845,
    "left_eye_z": -0.8512828409671783,
    "right_eye_x": 0.5033367156982422,
    "right_eye_y": 0.40203301757574084,
    "right_eye_z": -0.8495094567537308,
    "left_ear_x": 0.6013356596231461,
    "left_ear_y": 0.42428429424762726,
    "left_ear_z": -0.508136659860611,
    "right_ear_x": 0.46922767758369444,
    "right_ear_y": 0.4306295573711395,
    "right_ear_z": -0.48528924584388733,
    "left_shoulder_x": 0.726268795132637,
    "left_shoulder_y": 0.7988401055335999,
    "left_shoulder_z": -0.27366730496287345,
    "right_shoulder_x": 0.3503325626254082,
    "right_shoulder_y": 0.77950519323349,
    "right_shoulder_z": -0.2960077799856663
  },
  "created_at": "2026-04-09 22:02:15"
}