{
  "name": "skibidibi",
  "calibration": {
    "nose_x": 0.451595779042691,
    "nose_y": 0.4723155526444316,
    "nose_z": -1.1481451271101832,
    "left_eye_x": 0.4894581502303481,
    "left_eye_y": 0.43149623833596706,
    "left_eye_z": -1.0868430193513632,
    "right_eye_x": 0.41157927084714174,
    "right_eye_y": 0.43248221417889,
    "right_eye_z": -1.0910191992297769,
    "left_ear_x": 0.5223575653508306,
    "left_ear_y": 0.46785922488197684,
    "left_ear_z": -0.6691427393816411,
    "right_ear_x": 0.38282850151881576,
    "right_ear_y": 0.4673123825341463,
    "right_ear_z": -0.6809508604928851,
    "left_shoulder_x": 0.6523122685030103,
    "left_shoulder_y": 0.7822487596422434,
    "left_shoulder_z": -0.33886008989065886,
    "right_shoulder_x": 0.26073957327753305,
    "right_shoulder_y": 0.7655169256031513,
    "right_shoulder_z": -0.4358801827766001
  },
  "created_at": "2026-03-29 19:29:00"
}