{
  "name": "tescik",
  "calibration": {
    "nose_x": 0.4565134529363025,
    "nose_y": 0.4265652759508653,
    "nose_z": -1.2104548839005558,
    "left_eye_x": 0.498318840156902,
    "left_eye_y": 0.3807136768644506,
    "left_eye_z": -1.1372878524390133,
    "right_eye_x": 0.41661823066798126,
    "right_eye_y": 0.37837088717655704,
    "right_eye_z": -1.1484625529159198,
    "left_ear_x": 0.5348528542301871,
    "left_ear_y": 0.4200631908395074,
    "left_ear_z": -0.6853153949434106,
    "right_ear_x": 0.3820054321126504,
    "right_ear_y": 0.41858634691346774,
    "right_ear_z": -0.7243106920610775,
    "left_shoulder_x": 0.6707293120297518,
    "left_shoulder_y": 0.7523885003545068,
    "left_shoulder_z": -0.3382445993748578,
    "right_shoulder_x": 0.2489432760260322,
    "right_shoulder_y": 0.7619462947953831,
    "right_shoulder_z": -0.4714546664194627
  },
  "created_at": "2026-05-24 00:54:49"
}